,Germany,India,US,United Kingdom
2020-02-29,0,0,1,0
2020-03-01,0,0,1,0
2020-03-02,0,0,6,0
2020-03-03,0,0,7,0
2020-03-04,0,0,11,0
2020-03-05,0,0,12,0
2020-03-06,0,0,14,1
2020-03-07,0,0,17,2
2020-03-08,0,0,21,2
2020-03-09,2,0,22,3
2020-03-10,2,0,28,7
2020-03-11,3,1,33,7
2020-03-12,5,1,43,9
2020-03-13,5,2,51,10
2020-03-14,8,2,58,29
2020-03-15,12,2,70,43
2020-03-16,12,2,97,65
2020-03-17,12,3,134,82
2020-03-18,12,3,194,116
2020-03-19,20,4,266,162
2020-03-20,31,5,372,194
2020-03-21,47,4,475,252
2020-03-22,55,7,603,288
2020-03-23,86,10,790,364
2020-03-24,114,10,1033,512
2020-03-25,149,12,1366,703
2020-03-26,198,20,1783,884
2020-03-27,253,20,2305,1172
2020-03-28,325,24,3018,1464
2020-03-29,389,27,3573,1676
2020-03-30,455,32,4280,2050
2020-03-31,583,35,5359,2453
2020-04-01,732,58,6611,3125
2020-04-02,872,72,8142,3782
2020-04-03,1017,72,9562,4518
2020-04-04,1158,86,11165,5274
2020-04-05,1342,99,12781,5873
2020-04-06,1434,136,14523,6440
2020-04-07,1607,150,17099,7545
2020-04-08,1861,178,19249,8575
2020-04-09,2107,226,21463,9691
2020-04-10,2373,246,23650,10813
2020-04-11,2544,288,25786,11656
2020-04-12,2673,331,27675,12313
2020-04-13,2799,358,29660,13037
2020-04-14,2969,393,32133,14113
2020-04-15,3254,405,34731,14993
2020-04-16,3569,448,36914,16029
2020-04-17,3868,486,39009,16942
2020-04-18,4110,521,40955,18047
2020-04-19,4294,559,42935,18479
2020-04-20,4404,592,45180,19049
2020-04-21,4598,645,47662,20273
2020-04-22,4879,681,50129,21120
2020-04-23,5094,721,52543,21802
2020-04-24,5321,780,54712,22812
2020-04-25,5500,825,56446,23627
2020-04-26,5640,881,57852,23991
2020-04-27,5750,939,59332,24311
2020-04-28,5913,1008,61576,25280
2020-04-29,6115,1079,63968,26049
2020-04-30,6288,1154,66159,26683
2020-05-01,6481,1223,68067,27381
2020-05-02,6575,1323,69810,27965
2020-05-03,6649,1391,71013,28218
2020-05-04,6692,1566,72371,28490
2020-05-05,6831,1693,74592,29216
2020-05-06,6996,1785,76914,29863
2020-05-07,7119,1889,78829,30321
2020-05-08,7266,1985,80600,30900
2020-05-09,7369,2101,82066,31175
2020-05-10,7395,2212,83066,31392
2020-05-11,7417,2294,84101,31579
2020-05-12,7533,2415,85690,32193
2020-05-13,7634,2551,87425,32640
2020-05-14,7723,2649,89198,32992
2020-05-15,7824,2753,90863,33342
2020-05-16,7881,2871,92060,33753
2020-05-17,7914,3025,92890,33820
2020-05-18,7935,3156,94110,33966
2020-05-19,8007,3302,95555,34466
2020-05-20,8090,3434,97058,34794
2020-05-21,8147,3584,98246,35067
2020-05-22,8174,3726,99450,35358
2020-05-23,8216,3868,100524,35578
2020-05-24,8247,4024,101165,35957
2020-05-25,8257,4172,101762,36061
2020-05-26,8302,4344,102419,36192
2020-05-27,8349,4534,103898,36614
2020-05-28,8411,4711,104987,36957
2020-05-29,8450,4980,106104,37231
2020-05-30,8489,5185,107056,37385
2020-05-31,8500,5408,107677,37445
2020-06-01,8511,5608,108451,37531
2020-06-02,8522,5829,109432,37780
2020-06-03,8551,6088,110443,38034
2020-06-04,8581,6363,111448,38164
2020-06-05,8613,6649,112328,38422
2020-06-06,8646,6946,112966,38565
2020-06-07,8668,7207,113422,38619
2020-06-08,8674,7473,113934,38666
2020-06-09,8711,7750,114852,38861
2020-06-10,8729,8102,115724,39025
2020-06-11,8755,8498,116541,39101
2020-06-12,8763,8884,117363,39232
2020-06-13,8781,9195,118083,39339
2020-06-14,8787,9520,118430,39366
2020-06-15,8791,9900,118831,39395
2020-06-16,8800,11903,119616,39515
2020-06-17,8830,12237,120365,39625
2020-06-18,8856,12573,121066,39692
2020-06-19,8872,12948,121700,39776
2020-06-20,8883,13254,122265,39847
2020-06-21,8882,13699,122582,39878
2020-06-22,8885,14011,122961,39892
2020-06-23,8895,14476,123701,39986
2020-06-24,8914,14894,124457,40073
2020-06-25,8927,15301,125006,40172
2020-06-26,8948,15685,125636,40249
2020-06-27,8954,16095,126133,40289
2020-06-28,8957,16475,126457,40320
2020-06-29,8961,16893,126828,40341
2020-06-30,8973,17400,127382,40394
2020-07-01,8985,17834,128083,40491
2020-07-02,8994,18213,128822,40532
2020-07-03,9003,18655,129499,40581
2020-07-04,9010,19268,129801,40613
2020-07-05,9012,19693,130123,40632
2020-07-06,9016,20159,130493,40643
2020-07-07,9024,20642,131636,40697
2020-07-08,9036,21129,132478,40754
2020-07-09,9048,21604,133514,40785
2020-07-10,9054,22123,134332,40819
2020-07-11,9060,22673,135083,40836
2020-07-12,9063,23174,135557,40845
2020-07-13,9064,23727,135992,40855
2020-07-14,9068,24309,136890,40899
2020-07-15,9071,24914,137854,40925
2020-07-16,9078,25602,138821,40949
2020-07-17,9082,26273,139741,40975
2020-07-18,9083,26816,140628,40984
2020-07-19,9084,27497,141107,40995
2020-07-20,9086,28082,141639,41005
2020-07-21,9090,28732,142727,41030
2020-07-22,9095,29861,143953,41047
2020-07-23,9101,30601,145043,41056
2020-07-24,9111,31358,146135,41088
2020-07-25,9118,32060,147106,41103
2020-07-26,9118,32771,147643,41111
2020-07-27,9118,33408,148753,41114
2020-07-28,9122,34193,149970,41135
2020-07-29,9128,34955,151414,41169
2020-07-30,9134,35718,152709,41169
2020-07-31,9141,36511,153894,41189
2020-08-01,9148,37364,155013,41202
2020-08-02,9141,38135,155475,41207
2020-08-03,9148,38938,156037,41208
2020-08-04,9156,39795,157295,41226
2020-08-05,9168,40699,158708,41240
2020-08-06,9175,41585,159891,41258
2020-08-07,9183,42518,161186,41270
2020-08-08,9195,43379,162272,41273
2020-08-09,9196,44386,162845,41278
2020-08-10,9197,45257,163367,41296
2020-08-11,9201,46091,164452,41309
2020-08-12,9207,47033,165963,41329
2020-08-13,9211,48040,167003,41347
2020-08-14,9225,49036,168312,41358
2020-08-15,9231,49980,169354,41361
2020-08-16,9231,50921,169967,41366
2020-08-17,9232,51797,170439,41369
2020-08-18,9236,52888,171669,41381
2020-08-19,9243,53866,172353,41397
2020-08-20,9253,54849,173453,41403
2020-08-21,9260,55794,174549,41405
2020-08-22,9267,56706,175511,41423
2020-08-23,9269,57542,176014,41429
2020-08-24,9272,58390,176440,41433
2020-08-25,9277,59357,177659,41449
2020-08-26,9280,60472,178817,41465
2020-08-27,9285,61529,179925,41477
2020-08-28,9288,62550,180851,41486
2020-08-29,9289,63498,181814,41498
2020-08-30,9295,64469,182255,41499
2020-08-31,9298,65288,182737,41501
2020-09-01,9302,66333,183802,41504
2020-09-02,9313,67376,184855,41514
2020-09-03,9321,68472,185877,41527
2020-09-04,9322,69561,186827,41537
2020-09-05,9324,70626,187630,41549
2020-09-06,9325,71642,188066,41551
2020-09-07,9325,72775,188385,41554
2020-09-08,9329,73890,188848,41586
2020-09-09,9338,75062,189951,41594
2020-09-10,9341,76271,190859,41608
2020-09-11,9342,77472,192001,41614
2020-09-12,9347,78586,192741,41623
2020-09-13,9349,79722,193134,41628
2020-09-14,9350,80776,193554,41637
2020-09-15,9362,82066,194748,41664
2020-09-16,9368,83198,195685,41684
2020-09-17,9371,84372,196533,41705
2020-09-18,9378,85619,197489,41732
2020-09-19,9384,86752,198151,41759
2020-09-20,9386,87882,198415,41777
2020-09-21,9386,88935,198824,41788
2020-09-22,9396,90020,199847,41825
2020-09-23,9409,91149,200895,41862
2020-09-24,9428,92290,201784,41902
2020-09-25,9443,93379,202693,41936
2020-09-26,9452,94503,203457,41971
2020-09-27,9457,95542,203759,41988
2020-09-28,9460,96318,204093,42001
2020-09-29,9471,97497,204986,42072
2020-09-30,9488,98678,205892,42143
2020-10-01,9500,99773,206787,42202
2020-10-02,9508,100842,207621,42268
2020-10-03,9527,101782,208290,42317
2020-10-04,9529,102685,208660,42350
2020-10-05,9534,103569,209130,42369
2020-10-06,9546,104555,209824,42445
2020-10-07,9562,105526,210726,42515
2020-10-08,9578,106490,211700,42592
2020-10-09,9589,107416,212666,42679
2020-10-10,9604,108334,213321,42760
2020-10-11,9615,109150,213780,42825
2020-10-12,9621,109856,214172,42875
2020-10-13,9634,110586,214943,43018
2020-10-14,9677,111266,215930,43155
2020-10-15,9710,112161,216757,43293
2020-10-16,9734,112998,217683,43429
2020-10-17,9767,114031,218468,43579
2020-10-18,9777,114610,218926,43646
2020-10-19,9789,115197,219407,43726
2020-10-20,9836,115914,220337,43967
2020-10-21,9875,116616,221495,44158
2020-10-22,9905,117306,222331,44347
2020-10-23,9954,117956,223279,44571
2020-10-24,10003,118534,224235,44745
2020-10-25,10032,119014,224680,44896
2020-10-26,10056,119502,225194,44998
2020-10-27,10098,120010,226194,45365
2020-10-28,10183,120527,227203,45675
2020-10-29,10272,121090,228190,45955
2020-10-30,10349,121641,229247,46229
2020-10-31,10452,122111,230168,46555
2020-11-01,10481,122607,230659,46717
2020-11-02,10530,123097,231215,46853
2020-11-03,10661,123611,232807,47250
2020-11-04,10812,124315,233916,47742
2020-11-05,10930,124985,235074,48120
2020-11-06,11096,125562,236281,48475
2020-11-07,11226,126121,237389,48888
2020-11-08,11289,126611,237942,49044
2020-11-09,11352,127059,238700,49238
2020-11-10,11506,127571,240107,49770
2020-11-11,11767,128121,241530,50365
2020-11-12,11982,128668,242728,50928
2020-11-13,12200,129188,243925,51304
2020-11-14,12378,129635,245285,51766
2020-11-15,12485,130070,246053,51934
2020-11-16,12547,130519,246872,52147
2020-11-17,12814,130993,248576,52745
2020-11-18,13119,131578,250489,53274
2020-11-19,13370,132162,252518,53775
2020-11-20,13630,132726,254454,54286
2020-11-21,13884,133227,256091,54626
2020-11-22,14022,133738,257145,55024
2020-11-23,14112,134218,258211,55230
2020-11-24,14361,134699,260345,55838
2020-11-25,14771,135223,262576,56533
2020-11-26,15160,135715,263981,57031
2020-11-27,15586,136200,265528,57551
2020-11-28,15965,136696,266879,58030
2020-11-29,16123,137139,267915,58245
2020-11-30,16248,137621,269228,58448
2020-12-01,16636,138122,271778,59051
2020-12-02,17123,138648,274592,59699
2020-12-03,17602,139188,277543,60113
2020-12-04,18034,139700,280153,60617
2020-12-05,18517,140182,282537,61014
2020-12-06,18772,140573,283929,61245
2020-12-07,18919,140958,285493,61434
2020-12-08,19342,141360,288064,62033
2020-12-09,19932,141772,291229,62566
2020-12-10,20372,142185,294209,63082
2020-12-11,20970,142628,297583,63506
2020-12-12,21466,143019,300092,64026
2020-12-13,21787,143355,301749,64170
2020-12-14,21975,143709,303405,64402
2020-12-15,22475,144096,306382,64908
2020-12-16,23427,144451,310108,65520
2020-12-17,24125,144789,313556,66052
2020-12-18,24938,145136,316492,66541
2020-12-19,25640,145477,319297,67075
2020-12-20,26049,145810,321006,67401
2020-12-21,26275,146111,322804,67616
2020-12-22,27006,146444,326102,68307
2020-12-23,27968,146756,329484,69051
2020-12-24,28770,147092,332406,69625
2020-12-25,29182,147343,333925,70195
2020-12-26,29422,147622,335832,70405
2020-12-27,29778,147901,337269,70752
2020-12-28,30126,148153,339141,71109
2020-12-29,30978,148439,342757,71567
2020-12-30,32107,148738,346647,72548
2020-12-31,33071,148994,349938,73512
2021-01-01,33624,149218,352185,74125
2021-01-02,33960,149435,354728,74570
2021-01-03,34272,149649,356159,75024
2021-01-04,34574,149850,358142,75431
2021-01-05,35518,150114,361741,76305
2021-01-06,36537,150336,365654,77346
2021-01-07,37607,150570,369676,78508
2021-01-08,38795,150570,373849,79833
2021-01-09,39878,150999,377090,80868
2021-01-10,40343,151160,379182,81431
2021-01-11,40686,151327,381019,81960
2021-01-12,41577,151529,385394,83203
2021-01-13,42637,151727,389407,84767
2021-01-14,43881,151918,393188,86015
2021-01-15,44994,152093,397012,87295
2021-01-16,45974,152274,400576,88590
2021-01-17,46419,152419,402568,89261
2021-01-18,46633,152556,404136,89860
2021-01-19,47622,152718,406530,91470
2021-01-20,48770,152869,410941,93290
2021-01-21,49783,153032,415051,94580
2021-01-22,50642,153184,418834,95981
2021-01-23,51521,153339,422371,97329
2021-01-24,51870,153470,424216,97939
2021-01-25,52087,153587,425984,98531
2021-01-26,52990,153724,429959,100162
2021-01-27,53972,153847,434048,101887
2021-01-28,54913,154010,437863,103126
2021-01-29,55752,154147,441441,104371
2021-01-30,56546,154274,444316,105571
2021-01-31,56945,154392,446265,106158
2021-02-01,57120,154486,448037,106564
2021-02-02,57981,154596,451567,108013
2021-02-03,58956,154703,455438,109335
2021-02-04,59742,154823,459331,110250
2021-02-05,60597,154918,463009,111264
2021-02-06,61286,154996,465745,112092
2021-02-07,61517,155080,467213,112465
2021-02-08,61675,155158,468656,112798
2021-02-09,62156,155252,471694,113850
2021-02-10,62969,155360,475073,114851
2021-02-11,63635,155447,478241,115529
2021-02-12,64191,155550,481086,116287
2021-02-13,64742,155642,483358,116908
2021-02-14,64960,155732,484516,117166
2021-02-15,65076,155813,485457,117396
2021-02-16,65604,155913,487090,118195
2021-02-17,66164,156014,489499,118933
2021-02-18,66698,156111,492078,119387
2021-02-19,67206,156212,494602,119920
2021-02-20,67696,156302,496520,120365
2021-02-21,67841,156385,497732,120580
2021-02-22,67903,156463,498932,120757
2021-02-23,68318,156567,501204,121305
2021-02-24,68740,156705,504426,121747
2021-02-25,69125,156825,506842,122070
2021-02-26,69519,156938,508982,122415
2021-02-27,69888,157051,510496,122705
2021-02-28,70045,157157,511586,122849
2021-03-01,70105,157248,512900,122953
2021-03-02,70463,157346,514817,123296
2021-03-03,70881,157435,517344,123783
2021-03-04,71240,157548,519270,124025
2021-03-05,71504,157656,520996,124261
2021-03-06,71804,157756,522510,124419
2021-03-07,71900,157853,523212,124501
2021-03-08,71934,157930,523919,124566
2021-03-09,72189,158063,525684,124797
2021-03-10,72489,158189,527224,124987
2021-03-11,72810,158306,528778,125168
2021-03-12,73062,158446,530197,125343
2021-03-13,73301,158607,531172,125464
2021-03-14,73371,158725,531687,125516
2021-03-15,73418,158856,532390,125580
2021-03-16,73656,159044,533647,125690
2021-03-17,73905,159216,534840,125831
2021-03-18,74132,159370,536475,125926
2021-03-19,74358,159558,537501,126026
2021-03-20,74565,159755,538273,126122
2021-03-21,74664,159967,538983,126155
2021-03-22,74714,160166,539532,126172
2021-03-23,74964,160441,540476,126284
2021-03-24,75212,160692,541937,126382
2021-03-25,75440,160949,543285,126445
2021-03-26,75623,161240,544440,126515
2021-03-27,75780,161552,545247,126573
2021-03-28,75870,161843,545688,126592
2021-03-29,75913,162114,546315,126615
2021-03-30,76093,162468,547209,126670
2021-03-31,76342,162927,548277,126713
2021-04-01,76543,163396,549381,126764
2021-04-02,76775,164110,550266,126816
2021-04-03,76895,164623,551020,126826
2021-04-04,76963,165101,551330,126836
2021-04-05,77013,165547,551789,126862
2021-04-06,77103,166177,552617,126882
2021-04-07,77401,166862,555219,126927
2021-04-08,77707,167642,556227,126980
2021-04-09,78003,168436,557135,127040
2021-04-10,78249,169275,557891,127080
2021-04-11,78353,170179,558180,127087
2021-04-12,78452,171058,558624,127100
2021-04-13,78746,172085,559489,127123
2021-04-14,79088,173123,560418,127161
2021-04-15,79381,174308,561326,127191
2021-04-16,79628,175649,562191,127225
2021-04-17,79847,177150,562896,127260
2021-04-18,79914,178769,563247,127270
2021-04-19,80006,180530,563734,127274
2021-04-20,80303,182553,564576,127307
2021-04-21,80634,184657,565460,127327
2021-04-22,80893,186920,566397,127345
2021-04-23,81158,189544,567149,127385
2021-04-24,81444,192311,567909,127417
2021-04-25,81564,195123,568212,127428
2021-04-26,81624,197894,568687,127434
2021-04-27,81968,201187,569357,127451
2021-04-28,82280,204832,570336,127480
2021-04-29,82544,208330,571221,127502
2021-04-30,82850,211853,572025,127517
2021-05-01,83082,215542,572772,127524
2021-05-02,83192,218959,573094,127538
2021-05-03,83276,222408,573570,127539
2021-05-04,83591,226188,574450,127543
2021-05-05,83876,230168,575266,127570
2021-05-06,84126,234083,576063,127583
2021-05-07,84410,238270,576820,127598
2021-05-08,84648,242347,577454,127603
2021-05-09,84775,246116,577711,127605
2021-05-10,84829,249992,578100,127609
2021-05-11,85112,254197,578785,127629
2021-05-12,85380,258317,579572,127640
2021-05-13,85658,262317,580333,127651
2021-05-14,85848,266207,580960,127668
2021-05-15,86025,270284,581489,127675
2021-05-16,86096,274390,581759,127679
2021-05-17,86160,278719,582152,127684
2021-05-18,86381,283248,582929,127691
2021-05-19,86665,287122,583595,127694
2021-05-20,86902,291331,584278,127701
2021-05-21,87128,295525,584896,127710
2021-05-22,87298,299266,585384,127716
2021-05-23,87380,303720,585580,127721
2021-05-24,87423,307231,586014,127724
2021-05-25,87456,311388,586663,127739
2021-05-26,87726,315235,587655,127748
2021-05-27,87995,318895,589011,127758
2021-05-28,88187,322512,589542,127768
2021-05-29,88350,325972,589886,127775
2021-05-30,88406,329100,590036,127781
2021-05-31,88442,331895,590208,127782
2021-06-01,88595,335102,590840,127782
2021-06-02,88774,337989,591402,127794
2021-06-03,88940,340702,592037,127812
2021-06-04,89026,344082,592558,127823
2021-06-05,89148,346759,593142,127836
2021-06-06,89222,349186,593307,127840
2021-06-07,89244,351309,593623,127841
2021-06-08,89384,353528,593942,127854
2021-06-09,89491,355705,594426,127860
2021-06-10,89585,363079,594840,127867
2021-06-11,89687,367081,595373,127884
2021-06-12,89816,370384,595649,127896
2021-06-13,89834,374305,595756,127904
2021-06-14,89844,377031,595940,127907
2021-06-15,89937,379573,596268,127917
2021-06-16,90074,381903,596649,127926
2021-06-17,90179,383490,596945,127945
2021-06-18,90270,385137,597551,127956
2021-06-19,90369,386708,597728,127970
2021-06-20,90385,388135,597803,127976
2021-06-21,90395,389302,598062,127981
2021-06-22,90472,390660,598408,128008
2021-06-23,90523,391981,598808,128027
2021-06-24,90616,393310,599150,128048
2021-06-25,90678,394493,599677,128066
2021-06-26,90746,395751,599834,128089
2021-06-27,90754,396730,599909,128100
2021-06-28,90762,397637,600055,128103
2021-06-29,90819,398454,600392,128126
2021-06-30,90875,399459,600695,128140
2021-07-01,90938,400312,600979,128162
2021-07-02,91007,401050,601415,128189
2021-07-03,91023,402005,601509,128207
2021-07-04,91030,402728,601550,128222
2021-07-05,91031,403281,601665,128231
2021-07-06,91062,404211,601966,128268
2021-07-07,91110,405028,602294,128301
2021-07-08,91141,405939,602540,128336
2021-07-09,91190,407145,603009,128365
2021-07-10,91225,408040,603096,128399
2021-07-11,91231,408764,603215,128425
2021-07-12,91233,410784,603444,128431
2021-07-13,91259,411406,603803,128481
2021-07-14,91287,411989,604131,128530
2021-07-15,91319,412531,604484,128593
2021-07-16,91337,413091,604938,128642
2021-07-17,91359,413609,605017,128683
2021-07-18,91362,414108,605104,128708
2021-07-19,91363,414482,605295,128727
2021-07-20,91397,418480,605584,128823
2021-07-21,91416,418987,605946,128896
2021-07-22,91458,419470,606231,128980
2021-07-23,91492,420016,606788,129044
2021-07-24,91520,420551,606919,129130
2021-07-25,91524,420967,607018,129158
2021-07-26,91527,421382,607276,129172
2021-07-27,91565,422022,607727,129303
2021-07-28,91586,422662,608100,129430
2021-07-29,91607,423217,608420,129515
2021-07-30,91637,423810,609304,129583
2021-07-31,91658,424351,609472,129654
2021-08-01,91659,424773,609694,129719
2021-08-02,91660,425195,610040,129743
2021-08-03,91679,425757,610620,129881
2021-08-04,91704,426290,611164,130000
2021-08-05,91730,426754,611680,130086
2021-08-06,91754,427371,612815,130178
2021-08-07,91778,427862,613075,130281
2021-08-08,91782,428309,613200,130320
2021-08-09,91784,428682,613723,130357
2021-08-10,91803,429179,614559,130503
2021-08-11,91817,429669,615352,130607
2021-08-12,91834,430254,616380,130701
2021-08-13,91853,430732,617434,130801
2021-08-14,91864,431225,617700,130894
2021-08-15,91867,431642,617904,130953
2021-08-16,91871,432079,618931,130979
2021-08-17,91899,432519,619949,131149
2021-08-18,91921,433049,621155,131260
2021-08-19,91943,433589,622933,131373
2021-08-20,91956,433964,624391,131487
2021-08-21,91973,434367,624955,131591
2021-08-22,91976,434756,625166,131640
2021-08-23,91980,435110,626496,131680
2021-08-24,92022,435758,627919,131854
2021-08-25,92061,436365,629461,132003
2021-08-26,92082,436861,631671,132143
2021-08-27,92096,437370,633415,132243
2021-08-28,92118,437830,634060,132376
2021-08-29,92130,438210,634374,132437
2021-08-30,92140,438560,636085,132485
2021-08-31,92200,439020,637525,132535
2021-09-01,92223,439529,639565,132742
2021-09-02,92256,439895,642574,132920
2021-09-03,92301,440225,644510,133041
2021-09-04,92325,440533,645153,133161
2021-09-05,92346,440752,645569,133229
2021-09-06,92354,441042,646195,133274
2021-09-07,92413,441411,648271,133483
2021-09-08,92448,441749,650584,133674
2021-09-09,92498,442009,653813,133841
2021-09-10,92553,442317,656277,133988
2021-09-11,92598,442655,657112,134144
2021-09-12,92606,442874,657483,134200
2021-09-13,92618,443213,659649,134261
2021-09-14,92686,443497,661564,134446
2021-09-15,92769,443928,664308,134647
2021-09-16,92837,444248,667782,134805
2021-09-17,92857,444529,670241,134983
2021-09-18,92920,444838,671233,135147
2021-09-19,92958,445133,671625,135203
2021-09-20,92971,445385,673933,135252
2021-09-21,93052,445768,676384,135455
2021-09-22,93123,446050,679074,135621
2021-09-23,93238,446368,682381,135803
2021-09-24,93303,446658,684859,135983
2021-09-25,93365,446918,685698,136105
2021-09-26,93393,447194,686270,136168
2021-09-27,93403,447373,688536,136208
2021-09-28,93504,447751,691050,136375
2021-09-29,93571,448062,693677,136525
2021-09-30,93638,448339,696491,136662
2021-10-01,93711,448573,698644,136789
2021-10-02,93777,448817,699480,136910
2021-10-03,93786,448997,700009,136953
2021-10-04,93793,449260,701934,136986
2021-10-05,93883,449538,703813,137152
2021-10-06,93959,449856,706471,137295
2021-10-07,94027,450127,708954,137417
2021-10-08,94113,450375,710766,137541
2021-10-09,94178,450589,711202,137697
2021-10-10,94202,450782,711679,137735
2021-10-11,94209,450963,712862,137763
2021-10-12,94297,451189,715152,137944
2021-10-13,94389,451435,718363,138080
2021-10-14,94461,451814,720534,138237
2021-10-15,94526,451980,722348,138379
2021-10-16,94601,452124,722913,138527
2021-10-17,94618,452290,723375,138584
2021-10-18,94628,452454,725154,138629
2021-10-19,94716,452651,727113,138852
2021-10-20,94808,452811,730292,139031
2021-10-21,94875,453042,732299,139146
2021-10-22,94991,453708,734159,139326
2021-10-23,95077,454269,734708,139461
2021-10-24,95100,454712,734966,139533
2021-10-25,95117,455068,736443,139571
2021-10-26,95245,455653,738025,139834
2021-10-27,95359,456386,740084,140041
2021-10-28,95485,457191,741932,140206
2021-10-29,95606,457740,743652,140392
2021-10-30,95696,458186,744033,140558
2021-10-31,95729,458437,744267,140632
2021-11-01,95752,458880,745546,140672
2021-11-02,95833,459191,746829,140964
2021-11-03,96027,459652,748792,141181
2021-11-04,96192,459873,750008,141395
2021-11-05,96346,460265,752131,141588
2021-11-06,96488,460791,752604,141743
2021-11-07,96525,461057,752809,141805
2021-11-08,96558,461389,754066,141862
2021-11-09,96727,461849,755501,142124
2021-11-10,96963,462189,757185,142338
2021-11-11,97198,462690,758067,142533
2021-11-12,97389,463245,760521,142678
2021-11-13,97617,463530,761092,142835
2021-11-14,97672,463655,761293,142898
2021-11-15,97715,463852,762597,142945
2021-11-16,97980,464153,763931,143159
2021-11-17,98274,464623,765580,143360
2021-11-18,98538,465082,766937,143559
2021-11-19,98739,465349,768728,143716
2021-11-20,98987,465662,769185,143866
2021-11-21,99062,465911,769405,143927
2021-11-22,99124,466147,770673,143972
2021-11-23,99433,466584,772051,144137
2021-11-24,99768,466980,773763,144286
2021-11-25,100119,467468,774243,144433
2021-11-26,100476,467933,774615,144593
2021-11-27,100779,468554,774929,144724
2021-11-28,100883,468790,775176,144775
2021-11-29,100956,468980,777111,144810
2021-11-30,101344,469247,778763,144969
2021-12-01,101790,469724,780823,145140
2021-12-02,102178,470115,784732,145281
2021-12-03,102568,470530,786314,145424
2021-12-04,102946,470530,786995,145551
2021-12-05,103040,473537,787384,145605
2021-12-06,103121,473757,788800,145646
2021-12-07,103520,473952,790377,145826
2021-12-08,104047,474111,792203,145987
2021-12-09,104512,474479,793778,146135
2021-12-10,104996,474872,795582,146255
2021-12-11,105506,475434,796197,146387
2021-12-12,105638,475636,796551,146439
2021-12-13,105754,475888,797960,146477
2021-12-14,106227,476135,799516,146627
2021-12-15,106680,476478,801775,146791
2021-12-16,107202,476869,803081,146937
2021-12-17,107639,476869,804940,147048
2021-12-18,108053,477158,805601,147173
2021-12-19,108233,477554,805900,147218
2021-12-20,108352,478007,807482,147261
2021-12-21,108814,478325,809453,147433
2021-12-22,109324,478759,813652,147573
2021-12-23,109749,479133,815055,147720
2021-12-24,110119,479520,815762,147857
2021-12-25,110276,479682,815993,147867
2021-12-26,110364,479997,816342,147870
2021-12-27,110433,480290,818138,148013
2021-12-28,110805,480592,820484,148032
2021-12-29,111219,480860,822844,148089
2021-12-30,111602,481080,824340,148421
2021-12-31,111925,481486,825074,148624
2022-01-01,112109,481770,825466,148778
2022-01-02,112155,481893,825847,148851
2022-01-03,112223,482017,827691,148893
2022-01-04,112579,482551,830013,148941
2022-01-05,112925,482876,832212,149284
2022-01-06,113368,483178,834298,149515
2022-01-07,113632,483463,836709,149744
2022-01-08,113900,483790,837549,150057
2022-01-09,113977,483936,838141,150154
2022-01-10,114029,484213,840156,150230
2022-01-11,114351,484655,842674,150609
2022-01-12,114735,485035,845503,151007
2022-01-13,115051,485446,848035,151342
2022-01-14,115337,485752,850797,151612
2022-01-15,115572,486066,851795,151899
2022-01-16,115619,486451,852536,151987
2022-01-17,115649,486761,853560,152075
2022-01-18,115842,487202,856246,152513
2022-01-19,116081,487693,859752,152872
2022-01-20,116315,488396,862690,153202
2022-01-21,116485,488884,866076,153490
2022-01-22,116664,489409,867075,153787
2022-01-23,116718,489848,867785,153862
2022-01-24,116746,490462,869949,153916
2022-01-25,116960,491127,873165,154356
2022-01-26,117126,491700,877020,154702
2022-01-27,117314,492327,879654,155040
2022-01-28,117484,493198,883772,155317
2022-01-29,117666,494091,884958,155613
2022-01-30,117725,495050,885427,155698
2022-01-31,117786,496242,888051,155754
2022-02-01,117974,497975,891431,156875
2022-02-02,118170,498983,895024,157409
2022-02-03,118334,500055,897500,157730
2022-02-04,118504,501114,901605,157984
2022-02-05,118676,501979,902508,158243
2022-02-06,118717,502874,902966,158318
2022-02-07,118766,504062,906031,158363
2022-02-08,118943,505279,909029,158677
2022-02-09,119215,506520,912472,158953
2022-02-10,119453,507177,915753,159158
2022-02-11,119679,507981,918458,159351
2022-02-12,119877,508665,919273,159518
2022-02-13,119935,509011,919845,159570
2022-02-14,119977,509358,923047,159605
2022-02-15,120220,509872,925656,159839
2022-02-16,120467,510413,928843,160038
2022-02-17,120728,510905,931801,160221
2022-02-18,120992,511230,934304,160379
2022-02-19,121202,511903,934987,160507
2022-02-20,121275,512109,935424,160581
2022-02-21,121297,512344,936343,160610
2022-02-22,121603,512622,938515,160815
2022-02-23,121902,512924,941630,160979
2022-02-24,122145,513226,944599,161104
2022-02-25,122371,513481,946681,161224
2022-02-26,122621,513724,947440,161224
2022-02-27,122678,513843,947663,161224
2022-02-28,122702,514023,949815,161361
2022-03-01,122937,514246,951600,161630
2022-03-02,123238,514388,953694,161704
2022-03-03,123505,514589,955409,161898
2022-03-04,123796,514878,957145,162008
2022-03-05,124051,515036,957451,162008
2022-03-06,124102,515102,957663,162008
2022-03-07,124126,515210,959371,162147
2022-03-08,124450,515355,960789,162359
2022-03-09,124764,515459,962816,162482
2022-03-10,125023,515714,964590,162624
2022-03-11,125272,515803,966246,162738
2022-03-12,125521,515850,966521,162738
2022-03-13,125571,515877,966714,162738
2022-03-14,125590,515974,968040,162873
2022-03-15,125873,516072,969128,163095
2022-03-16,126142,516132,970977,163248
2022-03-17,126420,516281,972488,163386
2022-03-18,126646,516352,973302,163511
2022-03-19,126867,516479,973586,163511
2022-03-20,126916,516510,973672,163511
2022-03-21,126929,516543,975204,163679
2022-03-22,127193,516605,975770,163929
2022-03-23,127522,516672,977419,164123
2022-03-24,127822,516755,978283,164282
2022-03-25,128110,520855,978906,164454
2022-03-26,128388,521004,979057,164454
2022-03-27,128437,521035,979117,164454
2022-03-28,128457,521070,980149,164671
2022-03-29,128764,521101,981135,164974
2022-03-30,129112,521129,982303,165187
2022-03-31,129708,521181,982824,165379
2022-04-01,129695,521264,983658,165570
2022-04-02,129987,521345,983816,165570
2022-04-03,130052,521358,983876,165570
2022-04-04,130052,521416,984466,165780
2022-04-05,130368,521487,984981,166148
2022-04-06,131036,521530,986109,169095
2022-04-07,131370,521573,986938,169412
2022-04-08,131679,521656,987581,169759
2022-04-09,131715,521685,987726,169759
2022-04-10,131728,521691,987752,169759
2022-04-11,132017,521710,988090,170107
2022-04-12,132378,521736,988706,170395
2022-04-13,132688,521737,989656,171046
2022-04-14,132900,521743,990361,171396
2022-04-15,132929,521747,990823,171396
2022-04-16,132942,521751,990877,171396
2022-04-17,132953,521965,990888,171396
2022-04-18,132960,521966,991149,171396
2022-04-19,133308,522006,991593,171878
2022-04-20,133632,522062,992490,172386
2022-04-21,133921,522116,992920,173032
2022-04-22,134155,522149,993479,173352
2022-04-23,134179,522193,993530,173352
2022-04-24,134185,522223,993561,173352
2022-04-25,134489,522223,993850,173693
2022-04-26,134489,523654,994180,174144
2022-04-27,135078,523693,994984,174448
2022-04-28,135292,523753,995394,174696
2022-04-29,135451,523803,995824,174912
2022-04-30,135461,523843,995939,174912
2022-05-01,135461,523869,995962,174912
2022-05-02,135701,523889,996254,174912
2022-05-03,135942,523920,997008,175319
2022-05-04,136125,523975,998960,175546
2022-05-05,136339,524002,999270,175984
2022-05-06,136523,524024,999650,176212
2022-05-07,136533,524064,999836,176212
2022-05-08,136538,524093,999863,176212
2022-05-09,136756,524103,1000114,176424
2022-05-10,136987,524157,1000446,176708
2022-05-11,137184,524181,1001375,176915
2022-05-12,137348,524190,1001434,177101
2022-05-13,137492,524201,1001637,177252
2022-05-14,137499,524214,1001695,177252
2022-05-15,137499,524241,1001731,177252
2022-05-16,137714,524260,1001976,177410
2022-05-17,137888,524293,1002368,177595
2022-05-18,138053,524303,1003331,177721
2022-05-19,138204,524323,1003660,177890
2022-05-20,138324,524348,1004076,177977
2022-05-21,138325,524413,1004150,177977
2022-05-22,138326,524459,1004192,177977
2022-05-23,138485,524490,1004426,178085
2022-05-24,138643,524507,1004774,178221
2022-05-25,138779,524525,1005847,178313
2022-05-26,138781,524539,1006191,178404
2022-05-27,138854,524572,1006752,178465
2022-05-28,138862,524586,1006789,178465
2022-05-29,138864,524611,1006801,178465
2022-05-30,139000,524630,1006838,178549
2022-05-31,139091,524636,1007192,178659
2022-06-01,139222,524641,1007858,178749
2022-06-02,139313,524651,1008185,178749
2022-06-03,139386,524677,1008581,178749
2022-06-04,139386,524692,1008734,178749
2022-06-05,139386,524701,1008759,178749
2022-06-06,139388,524708,1009039,178866
2022-06-07,139533,524715,1009524,178998
2022-06-08,139623,524723,1010727,179083
2022-06-09,139729,524747,1011026,179165
2022-06-10,139806,524757,1011398,179217
2022-06-11,139806,524761,1011505,179217
2022-06-12,139807,524771,1011530,179217
2022-06-13,139914,524777,1011808,179274
2022-06-14,140026,524792,1012170,179363
2022-06-15,140099,524803,1012881,179411
2022-06-16,140118,524817,1013328,179472
2022-06-17,140176,524840,1013654,179537
2022-06-18,140176,524855,1013687,179537
2022-06-19,140176,524873,1013734,179537
2022-06-20,140358,524890,1013821,179601
2022-06-21,140462,524903,1014272,179706
2022-06-22,140560,524941,1015137,179783
2022-06-23,140650,524954,1015532,179859
2022-06-24,140734,524974,1015981,179927
2022-06-25,140734,524999,1016129,179927
2022-06-26,140734,525020,1016143,179927
2022-06-27,140847,525047,1016443,180011
2022-06-28,141022,525077,1017011,180128
2022-06-29,141105,525116,1017746,180245
2022-06-30,141189,525139,1017468,180330
2022-07-01,141292,525168,1017970,180417
2022-07-02,141292,525199,1018010,180417
2022-07-03,141295,525223,1018014,180417
2022-07-04,141397,525242,1018091,180417
2022-07-05,141519,525270,1018535,180417
2022-07-06,141627,525305,1019300,180718
2022-07-07,141758,525343,1020404,180718
2022-07-08,141862,525386,1020944,180718
2022-07-09,141862,525428,1020989,180718
2022-07-10,141870,525454,1021014,180718
2022-07-11,142035,525474,1021472,180718
2022-07-12,142139,525519,1022045,180718
2022-07-13,142284,525557,1023027,181580
2022-07-14,142399,525604,1023394,181580
2022-07-15,142533,525660,1023884,181580
2022-07-16,142533,525709,1023940,181580
2022-07-17,142533,525760,1023986,181580
2022-07-18,142635,525785,1024431,181580
2022-07-19,142771,525821,1025062,181580
2022-07-20,142948,525866,1025960,182727
2022-07-21,143061,525930,1026461,182727
2022-07-22,143177,525997,1027032,182727
2022-07-23,143177,526033,1027089,182727
2022-07-24,143177,526074,1027110,182727
2022-07-25,143364,526110,1027530,182727
2022-07-26,143545,526167,1028069,182727
2022-07-27,143702,526212,1029015,183953
2022-07-28,143855,526211,1029412,183953
2022-07-29,143972,526312,1030038,183953
2022-07-30,143972,526357,1030060,183953
2022-07-31,143979,526396,1030037,183953
2022-08-01,144150,526430,1030596,183953
2022-08-02,144360,526477,1031080,183953
2022-08-03,144552,526530,1032195,185052
2022-08-04,144717,526600,1032820,185052
2022-08-05,144858,526649,1033516,185052
2022-08-06,144858,526689,1034152,185052
